VendorName,PerformanceTier
DIAGEO NORTH AMERICA INC,High Performer
MARTIGNETTI COMPANIES,Mid Performer
PERNOD RICARD USA,Mid Performer
JIM BEAM BRANDS COMPANY,Mid Performer
BACARDI USA INC,High Performer
M S WALKER INC,Mid Performer
ULTRA BEVERAGE COMPANY LLP,Mid Performer
PERFECTA WINES,Mid Performer
E & J GALLO WINERY,Mid Performer
ADAMBA IMPORTS INTL INC,Mid Performer
ALISA CARR BEVERAGES,Low Performer
ALTAMAR BRANDS LLC,Mid Performer
AMERICAN SPIRITS EXCHANGE,Mid Performer
AMERICAN VINTAGE BEVERAGE,Mid Performer
ATLANTIC IMPORTING COMPANY,Low Performer
BANFI PRODUCTS CORP,High Performer
BLACK PRINCE DISTILLERY INC,Mid Performer
BLACK ROCK SPIRITS LLC,Mid Performer
"IRA GOLDMAN AND WILLIAMS, LLP",Mid Performer
VENDOR_20 INC,Mid Performer
VENDOR_21 INC,Mid Performer
VENDOR_22 INC,Mid Performer
VENDOR_23 INC,Mid Performer
VENDOR_24 INC,Mid Performer
VENDOR_25 INC,Mid Performer
VENDOR_26 INC,Mid Performer
VENDOR_27 INC,Mid Performer
VENDOR_28 INC,Mid Performer
VENDOR_29 INC,Mid Performer
VENDOR_30 INC,Mid Performer
VENDOR_31 INC,Mid Performer
VENDOR_32 INC,Mid Performer
VENDOR_33 INC,Mid Performer
VENDOR_34 INC,Mid Performer
VENDOR_35 INC,Mid Performer
VENDOR_36 INC,Mid Performer
VENDOR_37 INC,Mid Performer
VENDOR_38 INC,Mid Performer
VENDOR_39 INC,Mid Performer
VENDOR_40 INC,Mid Performer
VENDOR_41 INC,Mid Performer
VENDOR_42 INC,Mid Performer
VENDOR_43 INC,Mid Performer
VENDOR_44 INC,Mid Performer
VENDOR_45 INC,Mid Performer
VENDOR_46 INC,Mid Performer
VENDOR_47 INC,Mid Performer
VENDOR_48 INC,Mid Performer
VENDOR_49 INC,Mid Performer
VENDOR_50 INC,Mid Performer
VENDOR_51 INC,Mid Performer
VENDOR_52 INC,Mid Performer
VENDOR_53 INC,Mid Performer
VENDOR_54 INC,Mid Performer
VENDOR_55 INC,Mid Performer
VENDOR_56 INC,Mid Performer
VENDOR_57 INC,Mid Performer
VENDOR_58 INC,Mid Performer
VENDOR_59 INC,Mid Performer
VENDOR_60 INC,Mid Performer
VENDOR_61 INC,Mid Performer
VENDOR_62 INC,Mid Performer
VENDOR_63 INC,Mid Performer
VENDOR_64 INC,Mid Performer
VENDOR_65 INC,Mid Performer
VENDOR_66 INC,Mid Performer
VENDOR_67 INC,Mid Performer
VENDOR_68 INC,Mid Performer
VENDOR_69 INC,Mid Performer
VENDOR_70 INC,Mid Performer
VENDOR_71 INC,Mid Performer
VENDOR_72 INC,Mid Performer
VENDOR_73 INC,Mid Performer
VENDOR_74 INC,Mid Performer
VENDOR_75 INC,Mid Performer
VENDOR_76 INC,Mid Performer
VENDOR_77 INC,Mid Performer
VENDOR_78 INC,Mid Performer
VENDOR_79 INC,Mid Performer
VENDOR_80 INC,Mid Performer
VENDOR_81 INC,Mid Performer
VENDOR_82 INC,Mid Performer
VENDOR_83 INC,Mid Performer
VENDOR_84 INC,Mid Performer
VENDOR_85 INC,Mid Performer
VENDOR_86 INC,Mid Performer
VENDOR_87 INC,Mid Performer
VENDOR_88 INC,Mid Performer
VENDOR_89 INC,Mid Performer
VENDOR_90 INC,Mid Performer
VENDOR_91 INC,Mid Performer
VENDOR_92 INC,Mid Performer
VENDOR_93 INC,Mid Performer
VENDOR_94 INC,Mid Performer
VENDOR_95 INC,Mid Performer
VENDOR_96 INC,Mid Performer
VENDOR_97 INC,Mid Performer
VENDOR_98 INC,Mid Performer
VENDOR_99 INC,Mid Performer
VENDOR_100 INC,Mid Performer
VENDOR_101 INC,Mid Performer
VENDOR_102 INC,Mid Performer
VENDOR_103 INC,Mid Performer
VENDOR_104 INC,Mid Performer
VENDOR_105 INC,Mid Performer
VENDOR_106 INC,Mid Performer
VENDOR_107 INC,Mid Performer
VENDOR_108 INC,Mid Performer
VENDOR_109 INC,Mid Performer
VENDOR_110 INC,Mid Performer
VENDOR_111 INC,Mid Performer
VENDOR_112 INC,Mid Performer
VENDOR_113 INC,Mid Performer
VENDOR_114 INC,Mid Performer
VENDOR_115 INC,Mid Performer
VENDOR_116 INC,Mid Performer
VENDOR_117 INC,Mid Performer
VENDOR_118 INC,Mid Performer
VENDOR_119 INC,Mid Performer
